Building Type,SalePrice
Single Family Residential,215000
Single Family Residential,105000
Single Family Residential,172000
Single Family Residential,244000
Single Family Residential,189900
Single Family Residential,195500
Townhouse End Unit,213500
Townhouse End Unit,191500
Townhouse End Unit,236500
Single Family Residential,189000
Single Family Residential,175900
Single Family Residential,185000
Single Family Residential,180400
Single Family Residential,171500
Townhouse End Unit,212000
Single Family Residential,538000
Single Family Residential,164000
Single Family Residential,394432
Single Family Residential,141000
Single Family Residential,210000
Single Family Residential,190000
Single Family Residential,170000
Single Family Residential,216000
Single Family Residential,149000
Single Family Residential,149900
Single Family Residential,142000
Single Family Residential,126000
Single Family Residential,115000
Townhouse End Unit,184000
Twnhs,96000
Twnhs,105500
Twnhs,88000
Townhouse End Unit,127500
Twnhs,149900
Twnhs,120000
Twnhs,146000
Single Family Residential,376162
Single Family Residential,306000
Single Family Residential,395192
Single Family Residential,290941
Single Family Residential,220000
Single Family Residential,275000
Single Family Residential,259000
Single Family Residential,214000
Single Family Residential,611657
Townhouse End Unit,224000
Single Family Residential,500000
Single Family Residential,320000
Townhouse End Unit,319900
Townhouse End Unit,205000
Twnhs,175500
Single Family Residential,199500
Townhouse End Unit,160000
Townhouse End Unit,192000
Single Family Residential,184500
Single Family Residential,216500
Single Family Residential,185088
Single Family Residential,180000
Single Family Residential,222500
Single Family Residential,333168
Single Family Residential,355000
Single Family Residential,260400
Single Family Residential,325000
Single Family Residential,290000
Single Family Residential,221000
Single Family Residential,410000
Single Family Residential,221500
Single Family Residential,204500
Single Family Residential,215200
Single Family Residential,262500
Single Family Residential,254900
Single Family Residential,271500
Single Family Residential,233000
Single Family Residential,181000
Single Family Residential,205000
Townhouse End Unit,143000
Single Family Residential,189000
Townhouse End Unit,99500
Townhouse End Unit,125000
Single Family Residential,194500
Single Family Residential,152000
Single Family Residential,171000
Single Family Residential,67500
Duplex,112000
Single Family Residential,148000
Single Family Residential,138500
Single Family Residential,122000
Single Family Residential,133000
Single Family Residential,127000
Single Family Residential,169000
Single Family Residential,190000
Single Family Residential,362500
Single Family Residential,285000
Townhouse End Unit,260000
Townhouse End Unit,190000
Townhouse End Unit,155000
Townhouse End Unit,151000
Twnhs,149500
Twnhs,152000
Single Family Residential,222000
Twnhs,177500
Townhouse End Unit,177000
Twnhs,155000
Townhouse End Unit,147110
Single Family Residential,267916
Single Family Residential,254000
Townhouse End Unit,155000
Twnhs,206000
Single Family Residential,130500
Single Family Residential,230000
Single Family Residential,218500
Single Family Residential,243500
Single Family Residential,205000
Single Family Residential,212500
Single Family Residential,196500
Single Family Residential,197500
Single Family Residential,171000
Single Family Residential,142250
Single Family Residential,143000
Single Family Residential,128950
Single Family Residential,159000
Single Family Residential,178900
Single Family Residential,136300
Single Family Residential,180500
Single Family Residential,137500
Duplex,84900
Single Family Residential,142125
Single Family Residential,197600
Single Family Residential,172500
Single Family Residential,116500
Single Family Residential,76500
Single Family Residential,128000
Single Family Residential,153000
Single Family Residential,132000
Single Family Residential,178000
Duplex,154300
Single Family Residential,180000
Single Family Residential,190000
Duplex,135000
Single Family Residential,214000
Single Family Residential,136000
Single Family Residential,165500
Single Family Residential,145000
Single Family Residential,148000
Single Family Residential,142000
Single Family Residential,167500
Single Family Residential,108538
Single Family Residential,159500
Single Family Residential,108000
Single Family Residential,135000
Single Family Residential,122500
Two Family Conversion,119000
Single Family Residential,109000
Single Family Residential,105000
Single Family Residential,107500
Single Family Residential,144900
Single Family Residential,129000
Single Family Residential,97500
Duplex,144000
Single Family Residential,162000
Single Family Residential,242000
Single Family Residential,132000
Single Family Residential,154000
Single Family Residential,166000
Single Family Residential,134800
Single Family Residential,160000
Single Family Residential,148000
Single Family Residential,192000
Single Family Residential,155000
Single Family Residential,80400
Single Family Residential,96500
Single Family Residential,109500
Single Family Residential,115000
Single Family Residential,143000
Single Family Residential,107400
Single Family Residential,80000
Single Family Residential,119000
Single Family Residential,130000
Single Family Residential,119000
Single Family Residential,129000
Single Family Residential,100000
Single Family Residential,12789
Single Family Residential,105900
Single Family Residential,150000
Single Family Residential,139000
Single Family Residential,240000
Two Family Conversion,76500
Single Family Residential,149700
Single Family Residential,125500
Two Family Conversion,122500
Single Family Residential,140750
Single Family Residential,128500
Single Family Residential,209500
Single Family Residential,87000
Single Family Residential,134000
Single Family Residential,128000
Single Family Residential,132000
Single Family Residential,139900
Single Family Residential,123900
Single Family Residential,138400
Single Family Residential,109500
Single Family Residential,140000
Single Family Residential,149500
Single Family Residential,159900
Single Family Residential,122000
Duplex,110000
Two Family Conversion,55000
Two Family Conversion,140000
Single Family Residential,244400
Single Family Residential,173000
Single Family Residential,107500
Two Family Conversion,100000
Single Family Residential,95000
Single Family Residential,93369
Two Family Conversion,114900
Single Family Residential,94000
Duplex,136000
Duplex,136500
Two Family Conversion,131500
Single Family Residential,121500
Single Family Residential,125000
Single Family Residential,154000
Single Family Residential,137900
Single Family Residential,158000
Single Family Residential,137250
Duplex,160250
Single Family Residential,163000
Single Family Residential,158900
Single Family Residential,328000
Single Family Residential,270000
Single Family Residential,85000
Single Family Residential,128000
Single Family Residential,260000
Single Family Residential,230000
Single Family Residential,124000
Single Family Residential,83000
Single Family Residential,144500
Single Family Residential,129000
Single Family Residential,127000
Single Family Residential,128000
Single Family Residential,186000
Single Family Residential,308030
Single Family Residential,114000
Single Family Residential,84900
Single Family Residential,178000
Single Family Residential,270000
Single Family Residential,218000
Single Family Residential,236000
Single Family Residential,147000
Single Family Residential,245350
Single Family Residential,206000
Single Family Residential,198900
Single Family Residential,187000
Single Family Residential,320000
Single Family Residential,138500
Single Family Residential,155000
Single Family Residential,159000
Single Family Residential,191000
Single Family Residential,200500
Single Family Residential,150000
Single Family Residential,161750
Single Family Residential,128200
Single Family Residential,127000
Single Family Residential,318000
Single Family Residential,272000
Single Family Residential,237000
Single Family Residential,240000
Single Family Residential,224900
Townhouse End Unit,143750
Townhouse End Unit,143000
Single Family Residential,232000
Single Family Residential,213000
Single Family Residential,185500
Single Family Residential,84900
Single Family Residential,155891
Duplex,100000
Single Family Residential,144000
Single Family Residential,64000
Single Family Residential,125200
Single Family Residential,107000
Single Family Residential,90000
Single Family Residential,140000
Single Family Residential,113000
Two Family Conversion,80000
Single Family Residential,144500
Single Family Residential,104000
Single Family Residential,128000
Single Family Residential,58500
Single Family Residential,127000
Single Family Residential,126000
Duplex,160000
Single Family Residential,100000
Single Family Residential,169000
Single Family Residential,257500
Duplex,215000
Single Family Residential,266500
Single Family Residential,335000
Single Family Residential,203135
Townhouse End Unit,185000
Townhouse End Unit,162500
Single Family Residential,289000
Single Family Residential,125500
Single Family Residential,82000
Single Family Residential,110000
Single Family Residential,68400
Single Family Residential,102776
Single Family Residential,55993
Single Family Residential,50138
Townhouse End Unit,246000
Single Family Residential,254900
Single Family Residential,190000
Single Family Residential,201000
Single Family Residential,169900
Duplex,170000
Single Family Residential,160000
Single Family Residential,220000
Single Family Residential,179781
Single Family Residential,174000
Single Family Residential,269500
Single Family Residential,214900
Single Family Residential,202900
Single Family Residential,378500
Single Family Residential,169000
Single Family Residential,173500
Duplex,139000
Single Family Residential,166500
Townhouse End Unit,83500
Twnhs,119500
Townhouse End Unit,85000
Twnhs,76000
Townhouse End Unit,75500
Townhouse End Unit,88250
Townhouse End Unit,85500
Single Family Residential,130000
Single Family Residential,157900
Single Family Residential,149900
Duplex,159000
Single Family Residential,136000
Single Family Residential,161000
Single Family Residential,285000
Single Family Residential,231000
Single Family Residential,124500
Single Family Residential,157000
Single Family Residential,345000
Single Family Residential,189500
Single Family Residential,270000
Single Family Residential,189000
Single Family Residential,377500
Single Family Residential,168500
Townhouse End Unit,375000
Townhouse End Unit,278000
Single Family Residential,240000
Townhouse End Unit,239500
Single Family Residential,177500
Single Family Residential,185000
Single Family Residential,191000
Single Family Residential,178000
Single Family Residential,185000
Single Family Residential,181316
Single Family Residential,166000
Single Family Residential,178000
Single Family Residential,174000
Single Family Residential,173000
Single Family Residential,225000
Single Family Residential,180500
Townhouse End Unit,187500
Single Family Residential,501837
Single Family Residential,372500
Single Family Residential,260000
Single Family Residential,185000
Single Family Residential,260000
Single Family Residential,181000
Single Family Residential,82500
Single Family Residential,215000
Single Family Residential,154000
Single Family Residential,200000
Single Family Residential,249000
Single Family Residential,187500
Single Family Residential,184000
Single Family Residential,278000
Single Family Residential,157000
Single Family Residential,152000
Single Family Residential,197500
Single Family Residential,240900
Single Family Residential,263435
Single Family Residential,220000
Single Family Residential,235000
Single Family Residential,213000
Single Family Residential,167900
Single Family Residential,158000
Single Family Residential,165000
Single Family Residential,158000
Duplex,136000
Single Family Residential,148500
Single Family Residential,156000
Single Family Residential,128000
Single Family Residential,143000
Single Family Residential,76500
Single Family Residential,120500
Single Family Residential,124500
Single Family Residential,97000
Single Family Residential,130000
Twnhs,111000
Townhouse End Unit,125000
Twnhs,112000
Twnhs,97000
Twnhs,118000
Twnhs,119500
Townhouse End Unit,143750
Townhouse End Unit,146000
Twnhs,148500
Twnhs,123000
Townhouse End Unit,147000
Twnhs,137900
Townhouse End Unit,147000
Twnhs,148500
Townhouse End Unit,138000
Townhouse End Unit,128500
Single Family Residential,100000
Single Family Residential,148800
Single Family Residential,337500
Single Family Residential,462000
Single Family Residential,485000
Single Family Residential,555000
Single Family Residential,325000
Single Family Residential,256300
Single Family Residential,253293
Single Family Residential,398800
Single Family Residential,335000
Single Family Residential,404000
Single Family Residential,402861
Single Family Residential,451950
Single Family Residential,610000
Single Family Residential,582933
Single Family Residential,360000
Single Family Residential,296000
Single Family Residential,409900
Single Family Residential,255500
Single Family Residential,335000
Single Family Residential,274900
Single Family Residential,300000
Single Family Residential,324000
Single Family Residential,350000
Single Family Residential,280000
Single Family Residential,284000
Single Family Residential,269500
Single Family Residential,233170
Single Family Residential,386250
Single Family Residential,445000
Single Family Residential,290000
Single Family Residential,255900
Townhouse End Unit,213000
Twnhs,196000
Twnhs,184500
Townhouse End Unit,212500
Twnhs,230000
Single Family Residential,552000
Single Family Residential,382500
Townhouse End Unit,320000
Townhouse End Unit,248500
Single Family Residential,286500
Townhouse End Unit,254000
Townhouse End Unit,173000
Twnhs,173000
Single Family Residential,184000
Single Family Residential,167800
Single Family Residential,174000
Single Family Residential,174000
Townhouse End Unit,174000
Townhouse End Unit,175900
Townhouse End Unit,192500
Townhouse End Unit,181000
Townhouse End Unit,180000
Townhouse End Unit,160200
Single Family Residential,188500
Single Family Residential,200000
Single Family Residential,170000
Single Family Residential,189500
Single Family Residential,184100
Single Family Residential,195500
Single Family Residential,192000
Single Family Residential,178000
Twnhs,207500
Single Family Residential,236000
Single Family Residential,257500
Single Family Residential,244000
Single Family Residential,167000
Single Family Residential,179000
Single Family Residential,190000
Single Family Residential,156000
Single Family Residential,245000
Single Family Residential,181000
Single Family Residential,214000
Single Family Residential,168000
Single Family Residential,337000
Single Family Residential,403000
Single Family Residential,327000
Single Family Residential,340000
Single Family Residential,336000
Single Family Residential,265000
Single Family Residential,315000
Single Family Residential,260000
Single Family Residential,260000
Single Family Residential,263550
Single Family Residential,402000
Single Family Residential,248000
Single Family Residential,244600
Single Family Residential,275000
Single Family Residential,257500
Single Family Residential,287090
Single Family Residential,275500
Single Family Residential,245000
Single Family Residential,253000
Single Family Residential,468000
Single Family Residential,252678
Single Family Residential,210000
Single Family Residential,208300
Single Family Residential,225000
Single Family Residential,229456
Single Family Residential,229800
Single Family Residential,250000
Single Family Residential,370878
Single Family Residential,238500
Single Family Residential,310000
Single Family Residential,270000
Single Family Residential,252000
Single Family Residential,241000
Single Family Residential,264500
Single Family Residential,291000
Single Family Residential,263000
Single Family Residential,185000
Single Family Residential,234500
Single Family Residential,209000
Single Family Residential,159000
Single Family Residential,152000
Single Family Residential,143500
Single Family Residential,193000
Single Family Residential,203000
Single Family Residential,184900
Single Family Residential,159000
Single Family Residential,142000
Single Family Residential,153000
Single Family Residential,224243
Single Family Residential,220000
Single Family Residential,257000
Single Family Residential,189000
Single Family Residential,171500
Townhouse End Unit,120000
Townhouse End Unit,145000
Single Family Residential,184000
Single Family Residential,162000
Duplex,160000
Single Family Residential,82000
Single Family Residential,76000
Single Family Residential,110000
Single Family Residential,135000
Single Family Residential,141000
Single Family Residential,122000
Single Family Residential,124100
Single Family Residential,129000
Single Family Residential,131400
Single Family Residential,62383
Single Family Residential,123000
Single Family Residential,275000
Single Family Residential,235000
Twnhs,280750
Townhouse End Unit,164500
Townhouse End Unit,173733
Townhouse End Unit,222000
Townhouse End Unit,195000
Townhouse End Unit,172500
Townhouse End Unit,180000
Townhouse End Unit,156000
Twnhs,172500
Single Family Residential,318750
Townhouse End Unit,211500
Single Family Residential,241600
Single Family Residential,180500
Single Family Residential,150000
Single Family Residential,154000
Single Family Residential,185000
Single Family Residential,185750
Single Family Residential,200000
Single Family Residential,206000
Single Family Residential,162000
Single Family Residential,256900
Single Family Residential,197900
Single Family Residential,163000
Single Family Residential,113000
Single Family Residential,230000
Single Family Residential,167900
Single Family Residential,213250
Single Family Residential,227000
Single Family Residential,130000
Single Family Residential,143000
Single Family Residential,117500
Single Family Residential,168500
Single Family Residential,172500
Single Family Residential,161500
Single Family Residential,141500
Single Family Residential,118000
Single Family Residential,127500
Single Family Residential,140000
Single Family Residential,177625
Duplex,110000
Single Family Residential,167000
Single Family Residential,153000
Single Family Residential,145100
Single Family Residential,154000
Single Family Residential,177500
Single Family Residential,158000
Single Family Residential,124500
Single Family Residential,174500
Single Family Residential,122000
Single Family Residential,82500
Single Family Residential,110000
Single Family Residential,149500
Single Family Residential,175000
Single Family Residential,167000
Single Family Residential,128900
Single Family Residential,140000
Single Family Residential,147000
Duplex,124000
Single Family Residential,187500
Single Family Residential,159000
Single Family Residential,256000
Single Family Residential,205000
Single Family Residential,193500
Single Family Residential,110000
Single Family Residential,104900
Single Family Residential,150000
Single Family Residential,156500
Single Family Residential,176000
Single Family Residential,149500
Single Family Residential,139000
Single Family Residential,155000
Single Family Residential,120000
Single Family Residential,153000
Single Family Residential,144000
Single Family Residential,176000
Single Family Residential,153000
Duplex,135000
Single Family Residential,131000
Single Family Residential,123000
Single Family Residential,126000
Single Family Residential,115000
Single Family Residential,164900
Single Family Residential,113000
Single Family Residential,145500
Single Family Residential,102900
Two Family Conversion,95000
Single Family Residential,152500
Single Family Residential,129900
Single Family Residential,132000
Single Family Residential,99900
Single Family Residential,135000
Single Family Residential,149000
Single Family Residential,114000
Single Family Residential,109500
Single Family Residential,125000
Single Family Residential,142900
Single Family Residential,156500
Single Family Residential,59000
Single Family Residential,105000
Single Family Residential,106000
Single Family Residential,78500
Duplex,190000
Single Family Residential,154000
Single Family Residential,163000
Duplex,200000
Single Family Residential,143500
Single Family Residential,135000
Single Family Residential,153000
Single Family Residential,157500
Single Family Residential,113500
Single Family Residential,133000
Duplex,92900
Single Family Residential,128500
Duplex,90000
Single Family Residential,138000
Single Family Residential,128000
Single Family Residential,139000
Single Family Residential,118900
Single Family Residential,138000
Single Family Residential,132500
Single Family Residential,133500
Single Family Residential,135000
Single Family Residential,144750
Duplex,145000
Single Family Residential,127000
Single Family Residential,109500
Single Family Residential,115000
Single Family Residential,110000
Single Family Residential,128900
Duplex,103500
Single Family Residential,66500
Single Family Residential,130000
Single Family Residential,129000
Single Family Residential,150000
Single Family Residential,107500
Two Family Conversion,94550
Duplex,124500
Single Family Residential,135000
Single Family Residential,103000
Two Family Conversion,93000
Single Family Residential,129500
Two Family Conversion,93000
Single Family Residential,80000
Single Family Residential,45000
Single Family Residential,37900
Single Family Residential,91300
Single Family Residential,99500
Two Family Conversion,113000
Single Family Residential,87500
Single Family Residential,110000
Single Family Residential,106000
Single Family Residential,265979
Single Family Residential,160000
Single Family Residential,119000
Single Family Residential,168000
Single Family Residential,58500
Single Family Residential,143000
Single Family Residential,85000
Single Family Residential,124900
Single Family Residential,119000
Single Family Residential,146500
Single Family Residential,34900
Single Family Residential,44000
Single Family Residential,223500
Single Family Residential,149000
Single Family Residential,205000
Single Family Residential,137000
Single Family Residential,121000
Single Family Residential,128000
Single Family Residential,134900
Single Family Residential,117000
Single Family Residential,132500
Single Family Residential,93000
Single Family Residential,119000
Single Family Residential,100000
Single Family Residential,141500
Single Family Residential,133000
Single Family Residential,60000
Single Family Residential,105000
Single Family Residential,115000
Single Family Residential,150000
Single Family Residential,126500
Single Family Residential,214500
Single Family Residential,167500
Single Family Residential,155000
Single Family Residential,155000
Single Family Residential,179900
Single Family Residential,104000
Duplex,62500
Single Family Residential,149000
Single Family Residential,103000
Single Family Residential,123000
Two Family Conversion,97500
Single Family Residential,135000
Single Family Residential,70000
Two Family Conversion,116000
Single Family Residential,88750
Duplex,179000
Duplex,179000
Duplex,159900
Single Family Residential,61000
Single Family Residential,103600
Single Family Residential,63000
Single Family Residential,175000
Single Family Residential,139000
Single Family Residential,172500
Single Family Residential,113500
Single Family Residential,130000
Single Family Residential,149900
Single Family Residential,134900
Single Family Residential,137000
Single Family Residential,139000
Single Family Residential,165000
Single Family Residential,148000
Single Family Residential,165000
Single Family Residential,63900
Single Family Residential,161500
Single Family Residential,143000
Single Family Residential,135000
Single Family Residential,82500
Single Family Residential,190000
Single Family Residential,139600
Single Family Residential,122000
Single Family Residential,127500
Single Family Residential,121500
Single Family Residential,60000
Single Family Residential,154400
Single Family Residential,113000
Single Family Residential,125000
Single Family Residential,84000
Townhouse End Unit,139500
Single Family Residential,131000
Single Family Residential,105000
Single Family Residential,108000
Single Family Residential,162000
Single Family Residential,156500
Single Family Residential,316600
Single Family Residential,271900
Single Family Residential,213000
Single Family Residential,239900
Single Family Residential,239500
Single Family Residential,131000
Duplex,118964
Duplex,153337
Duplex,147983
Duplex,118858
Duplex,118858
Duplex,142953
Duplex,148325
Duplex,113722
Duplex,269500
Duplex,269500
Duplex,269500
Single Family Residential,323262
Single Family Residential,297000
Single Family Residential,295493
Single Family Residential,332000
Single Family Residential,239900
Single Family Residential,212000
Single Family Residential,272500
Single Family Residential,239000
Single Family Residential,220000
Single Family Residential,200000
Single Family Residential,221800
Single Family Residential,194500
Single Family Residential,237000
Single Family Residential,173000
Single Family Residential,275000
Single Family Residential,233500
Single Family Residential,185000
Single Family Residential,152000
Single Family Residential,143000
Single Family Residential,231500
Single Family Residential,212000
Single Family Residential,207000
Single Family Residential,145000
Single Family Residential,138000
Single Family Residential,197900
Single Family Residential,204000
Single Family Residential,192000
Single Family Residential,200000
Single Family Residential,195000
Single Family Residential,227000
Single Family Residential,230000
Single Family Residential,187100
Single Family Residential,203000
Single Family Residential,201000
Single Family Residential,124000
Single Family Residential,140000
Single Family Residential,134900
Single Family Residential,150500
Single Family Residential,136500
Single Family Residential,143500
Single Family Residential,133500
Single Family Residential,123000
Single Family Residential,133900
Single Family Residential,133000
Single Family Residential,250000
Single Family Residential,254750
Single Family Residential,236500
Single Family Residential,261500
Single Family Residential,313000
Single Family Residential,198500
Single Family Residential,211000
Single Family Residential,220000
Single Family Residential,203000
Single Family Residential,279500
Single Family Residential,210000
Single Family Residential,219500
Single Family Residential,191000
Single Family Residential,178000
Single Family Residential,213000
Townhouse End Unit,144000
Townhouse End Unit,140000
Single Family Residential,293200
Single Family Residential,190000
Single Family Residential,190000
Single Family Residential,173500
Single Family Residential,170000
Single Family Residential,108000
Single Family Residential,167000
Single Family Residential,100000
Single Family Residential,198500
Single Family Residential,159500
Single Family Residential,127000
Single Family Residential,125000
Single Family Residential,320000
Townhouse End Unit,145500
Single Family Residential,118000
Single Family Residential,85000
Single Family Residential,120000
Single Family Residential,98000
Single Family Residential,99900
Single Family Residential,82000
Duplex,119900
Single Family Residential,103500
Single Family Residential,112000
Single Family Residential,110000
Single Family Residential,122000
Single Family Residential,117000
Single Family Residential,160000
Single Family Residential,159434
Single Family Residential,60000
Single Family Residential,139500
Single Family Residential,197000
Single Family Residential,105000
Single Family Residential,135000
Single Family Residential,147500
Single Family Residential,137450
Single Family Residential,155000
Single Family Residential,177000
Single Family Residential,145000
Single Family Residential,137000
Single Family Residential,234000
Single Family Residential,205000
Single Family Residential,177500
Single Family Residential,160000
Single Family Residential,155000
Single Family Residential,163500
Single Family Residential,154900
Duplex,205000
Single Family Residential,144800
Single Family Residential,174500
Single Family Residential,193000
Single Family Residential,158000
Single Family Residential,158500
Single Family Residential,224000
Twnhs,115000
Townhouse End Unit,137000
Twnhs,121000
Townhouse End Unit,124000
Single Family Residential,208000
Single Family Residential,315000
Single Family Residential,222000
Single Family Residential,147000
Single Family Residential,123000
Single Family Residential,78000
Single Family Residential,85000
Single Family Residential,75000
Townhouse End Unit,230000
Single Family Residential,57625
Single Family Residential,251000
Single Family Residential,239686
Single Family Residential,240000
Single Family Residential,215000
Single Family Residential,156450
Single Family Residential,173000
Duplex,126000
Single Family Residential,173000
Single Family Residential,152000
Single Family Residential,137500
Single Family Residential,375000
Single Family Residential,315500
Single Family Residential,224500
Single Family Residential,410000
Single Family Residential,316500
Single Family Residential,201000
Single Family Residential,175000
Single Family Residential,204000
Single Family Residential,213500
Single Family Residential,220000
Single Family Residential,170000
Single Family Residential,315000
Single Family Residential,425000
Single Family Residential,139500
Single Family Residential,115000
Townhouse End Unit,162000
Townhouse End Unit,165000
Twnhs,91000
Single Family Residential,130000
Twnhs,86000
Single Family Residential,160000
Townhouse End Unit,80000
Twnhs,97000
Townhouse End Unit,88000
Single Family Residential,131900
Single Family Residential,131250
Single Family Residential,165500
Single Family Residential,112000
Single Family Residential,149000
Single Family Residential,143000
Single Family Residential,130000
Single Family Residential,196000
Single Family Residential,173000
Single Family Residential,176500
Single Family Residential,237500
Single Family Residential,206900
Single Family Residential,187500
Single Family Residential,165000
Single Family Residential,195500
Single Family Residential,192000
Single Family Residential,173000
Single Family Residential,177900
Single Family Residential,175000
Townhouse End Unit,286000
Single Family Residential,247900
Townhouse End Unit,180000
Townhouse End Unit,180000
Single Family Residential,181000
Single Family Residential,183000
Single Family Residential,188000
Single Family Residential,194500
Single Family Residential,185000
Townhouse End Unit,189000
Townhouse End Unit,188500
Single Family Residential,355000
Single Family Residential,325000
Single Family Residential,387000
Single Family Residential,115000
Townhouse End Unit,334000
Single Family Residential,133000
Single Family Residential,215000
Single Family Residential,226500
Single Family Residential,175500
Single Family Residential,181900
Single Family Residential,235000
Single Family Residential,220000
Single Family Residential,272000
Single Family Residential,161000
Single Family Residential,175000
Single Family Residential,185000
Single Family Residential,146900
Single Family Residential,292500
Single Family Residential,180000
Single Family Residential,159900
Single Family Residential,205000
Single Family Residential,157000
Single Family Residential,306000
Duplex,133000
Single Family Residential,151000
Single Family Residential,111900
Single Family Residential,123000
Single Family Residential,111250
Townhouse End Unit,181000
Twnhs,103400
Twnhs,100000
Twnhs,100500
Twnhs,106000
Twnhs,85400
Townhouse End Unit,89500
Twnhs,111750
Townhouse End Unit,140000
Townhouse End Unit,143000
Twnhs,148500
Single Family Residential,110000
Single Family Residential,394617
Single Family Residential,426000
Single Family Residential,385000
Single Family Residential,446261
Single Family Residential,317500
Single Family Residential,372402
Single Family Residential,417500
Single Family Residential,383000
Single Family Residential,390000
Single Family Residential,460000
Single Family Residential,379000
Single Family Residential,250000
Single Family Residential,316000
Single Family Residential,615000
Single Family Residential,412500
Single Family Residential,284000
Single Family Residential,284000
Single Family Residential,421250
Single Family Residential,370000
Townhouse End Unit,336860
Townhouse End Unit,367294
Townhouse End Unit,192000
Townhouse End Unit,274000
Townhouse End Unit,266000
Townhouse End Unit,370967
Townhouse End Unit,234250
Townhouse End Unit,219500
Twnhs,155000
Twnhs,154000
Townhouse End Unit,207000
Townhouse End Unit,195000
Townhouse End Unit,219990
Townhouse End Unit,191000
Single Family Residential,159895
Single Family Residential,187687
Single Family Residential,179000
Single Family Residential,193000
Single Family Residential,190000
Single Family Residential,176000
Single Family Residential,188000
Single Family Residential,213000
Townhouse End Unit,217300
Single Family Residential,186500
Single Family Residential,226750
Single Family Residential,184000
Single Family Residential,176000
Single Family Residential,225000
Single Family Residential,185900
Single Family Residential,284500
Single Family Residential,315000
Single Family Residential,250000
Single Family Residential,291000
Single Family Residential,350000
Single Family Residential,279500
Single Family Residential,290000
Single Family Residential,350000
Single Family Residential,341000
Single Family Residential,287500
Single Family Residential,271000
Single Family Residential,301500
Single Family Residential,235128
Single Family Residential,214000
Single Family Residential,232000
Single Family Residential,240000
Single Family Residential,264132
Single Family Residential,245000
Single Family Residential,227680
Single Family Residential,257000
Single Family Residential,297900
Single Family Residential,247000
Single Family Residential,212700
Single Family Residential,250580
Single Family Residential,182000
Single Family Residential,226700
Single Family Residential,250000
Single Family Residential,250000
Single Family Residential,339750
Single Family Residential,205950
Single Family Residential,256000
Single Family Residential,230348
Single Family Residential,207500
Single Family Residential,141000
Single Family Residential,188000
Single Family Residential,192500
Single Family Residential,146000
Single Family Residential,159000
Single Family Residential,155000
Single Family Residential,173000
Single Family Residential,170000
Single Family Residential,182000
Single Family Residential,163000
Single Family Residential,193500
Single Family Residential,189000
Single Family Residential,190500
Single Family Residential,175000
Single Family Residential,179200
Single Family Residential,187000
Townhouse End Unit,193000
Townhouse End Unit,153900
Single Family Residential,128000
Single Family Residential,144000
Single Family Residential,135000
Two Family Conversion,115000
Single Family Residential,119916
Single Family Residential,142000
Single Family Residential,192000
Single Family Residential,140000
Single Family Residential,290000
Single Family Residential,372500
Townhouse End Unit,196000
Townhouse End Unit,171900
Townhouse End Unit,178000
Townhouse End Unit,165000
Townhouse End Unit,146000
Townhouse End Unit,146000
Twnhs,179400
Twnhs,172900
Townhouse End Unit,300000
Townhouse End Unit,285000
Townhouse End Unit,290000
Townhouse End Unit,305000
Townhouse End Unit,328900
Twnhs,160000
Twnhs,170000
Single Family Residential,223000
Twnhs,170000
Twnhs,200000
Townhouse End Unit,345000
Townhouse End Unit,245500
Townhouse End Unit,217500
Townhouse End Unit,324000
Single Family Residential,162500
Single Family Residential,150000
Single Family Residential,290000
Single Family Residential,205000
Single Family Residential,174000
Single Family Residential,183000
Single Family Residential,150000
Single Family Residential,145000
Single Family Residential,215000
Duplex,140500
Single Family Residential,240000
Single Family Residential,141000
Single Family Residential,147000
Single Family Residential,135000
Duplex,145000
Duplex,142600
Duplex,135000
Single Family Residential,170000
Single Family Residential,299800
Single Family Residential,185000
Single Family Residential,173000
Single Family Residential,178400
Single Family Residential,176000
Single Family Residential,98000
Single Family Residential,109008
Single Family Residential,135750
Single Family Residential,155000
Single Family Residential,180500
Single Family Residential,174900
Single Family Residential,140000
Single Family Residential,145000
Single Family Residential,179900
Single Family Residential,168500
Single Family Residential,140000
Single Family Residential,145500
Single Family Residential,142000
Single Family Residential,141000
Single Family Residential,153000
Single Family Residential,72500
Single Family Residential,52000
Two Family Conversion,118000
Single Family Residential,87000
Single Family Residential,141500
Single Family Residential,119000
Single Family Residential,141500
Single Family Residential,165500
Single Family Residential,112900
Single Family Residential,201800
Single Family Residential,163000
Single Family Residential,139950
Single Family Residential,174000
Single Family Residential,165000
Single Family Residential,227000
Single Family Residential,135000
Single Family Residential,124000
Single Family Residential,140000
Single Family Residential,136500
Single Family Residential,185000
Single Family Residential,163000
Single Family Residential,166800
Single Family Residential,139000
Single Family Residential,166000
Single Family Residential,136000
Single Family Residential,133000
Single Family Residential,116000
Single Family Residential,137500
Single Family Residential,130000
Single Family Residential,180000
Single Family Residential,139000
Single Family Residential,110000
Single Family Residential,100000
Single Family Residential,118500
Duplex,146000
Single Family Residential,89900
Single Family Residential,114000
Single Family Residential,140000
Single Family Residential,86900
Single Family Residential,139000
Two Family Conversion,106250
Single Family Residential,171000
Single Family Residential,139000
Single Family Residential,186000
Single Family Residential,157000
Single Family Residential,148000
Single Family Residential,242000
Single Family Residential,116000
Single Family Residential,94000
Single Family Residential,98300
Single Family Residential,127000
Single Family Residential,159000
Single Family Residential,125900
Single Family Residential,155000
Single Family Residential,138000
Single Family Residential,112500
Single Family Residential,105500
Single Family Residential,127500
Duplex,130000
Single Family Residential,150000
Single Family Residential,109500
Single Family Residential,140000
Single Family Residential,167900
Single Family Residential,136870
Single Family Residential,143000
Single Family Residential,73000
Single Family Residential,157500
Single Family Residential,122600
Single Family Residential,111000
Single Family Residential,256000
Single Family Residential,64000
Single Family Residential,139500
Two Family Conversion,118000
Single Family Residential,200000
Single Family Residential,119164
Single Family Residential,122250
Single Family Residential,120000
Two Family Conversion,155000
Single Family Residential,78000
Single Family Residential,95000
Single Family Residential,115000
Single Family Residential,147000
Single Family Residential,140000
Single Family Residential,46500
Single Family Residential,112500
Single Family Residential,107900
Single Family Residential,65000
Single Family Residential,295000
Two Family Conversion,139500
Single Family Residential,153900
Single Family Residential,132000
Single Family Residential,98000
Single Family Residential,114000
Two Family Conversion,130000
Single Family Residential,129500
Single Family Residential,129400
Single Family Residential,161000
Two Family Conversion,163000
Single Family Residential,128000
Single Family Residential,122000
Single Family Residential,116900
Single Family Residential,325000
Single Family Residential,55000
Single Family Residential,184000
Single Family Residential,110000
Single Family Residential,131500
Single Family Residential,97000
Single Family Residential,115500
Single Family Residential,138000
Single Family Residential,108000
Single Family Residential,79500
Single Family Residential,153000
Single Family Residential,109500
Single Family Residential,124000
Single Family Residential,106900
Single Family Residential,164900
Single Family Residential,119000
Single Family Residential,120000
Single Family Residential,157000
Single Family Residential,105000
Single Family Residential,113000
Single Family Residential,115000
Single Family Residential,79000
Single Family Residential,123000
Single Family Residential,81300
Single Family Residential,162900
Single Family Residential,150000
Single Family Residential,123500
Single Family Residential,129900
Single Family Residential,128000
Single Family Residential,68500
Single Family Residential,127000
Single Family Residential,207000
Single Family Residential,184000
Single Family Residential,162500
Single Family Residential,145000
Single Family Residential,130000
Two Family Conversion,160000
Single Family Residential,161000
Single Family Residential,127500
Single Family Residential,93850
Single Family Residential,136000
Single Family Residential,141000
Single Family Residential,120000
Single Family Residential,127500
Single Family Residential,127000
Single Family Residential,89500
Single Family Residential,125000
Single Family Residential,79900
Single Family Residential,85000
Two Family Conversion,82375
Single Family Residential,135000
Single Family Residential,124000
Single Family Residential,134000
Single Family Residential,135000
Single Family Residential,134432
Two Family Conversion,127500
Single Family Residential,148000
Single Family Residential,129500
Single Family Residential,157500
Single Family Residential,109900
Single Family Residential,145000
Single Family Residential,130000
Single Family Residential,153000
Single Family Residential,120000
Single Family Residential,152000
Duplex,108959
Two Family Conversion,95541
Single Family Residential,80000
Single Family Residential,149350
Single Family Residential,144900
Single Family Residential,185000
Single Family Residential,165000
Single Family Residential,235000
Single Family Residential,140000
Single Family Residential,108000
Single Family Residential,145000
Single Family Residential,152400
Single Family Residential,144000
Single Family Residential,173000
Single Family Residential,192000
Single Family Residential,245000
Single Family Residential,241500
Single Family Residential,256000
Single Family Residential,177000
Single Family Residential,125600
Single Family Residential,155000
Single Family Residential,240000
Single Family Residential,260000
Single Family Residential,185000
Single Family Residential,235000
Single Family Residential,159900
Duplex,99600
Single Family Residential,134500
Single Family Residential,119000
Two Family Conversion,107500
Two Family Conversion,125000
Single Family Residential,79000
Single Family Residential,95000
Single Family Residential,262280
Single Family Residential,260000
Single Family Residential,226500
Single Family Residential,225000
Single Family Residential,229000
Single Family Residential,177439
Single Family Residential,248500
Single Family Residential,475000
Single Family Residential,395039
Single Family Residential,228000
Single Family Residential,225000
Single Family Residential,195000
Single Family Residential,200000
Single Family Residential,155000
Single Family Residential,144000
Single Family Residential,145000
Single Family Residential,226001
Single Family Residential,215700
Single Family Residential,207500
Single Family Residential,193000
Single Family Residential,188000
Single Family Residential,191000
Single Family Residential,221000
Single Family Residential,231500
Single Family Residential,235000
Single Family Residential,223500
Single Family Residential,130250
Single Family Residential,149900
Single Family Residential,158000
Single Family Residential,147000
Single Family Residential,143195
Single Family Residential,163000
Single Family Residential,110000
Single Family Residential,127000
Single Family Residential,124900
Single Family Residential,230000
Single Family Residential,237000
Single Family Residential,235000
Single Family Residential,230500
Single Family Residential,230000
Single Family Residential,222500
Single Family Residential,287000
Single Family Residential,274000
Single Family Residential,300000
Single Family Residential,255900
Single Family Residential,224900
Single Family Residential,240000
Single Family Residential,183000
Single Family Residential,207000
Single Family Residential,210000
Townhouse End Unit,136500
Townhouse End Unit,145000
Single Family Residential,208900
Duplex,185000
Single Family Residential,214000
Single Family Residential,208500
Single Family Residential,186500
Single Family Residential,210000
Single Family Residential,185900
Single Family Residential,179900
Single Family Residential,218836
Single Family Residential,193000
Single Family Residential,189000
Townhouse End Unit,149300
Townhouse End Unit,141000
Townhouse End Unit,149000
Townhouse End Unit,144500
Single Family Residential,85000
Duplex,145900
Single Family Residential,123000
Single Family Residential,147500
Single Family Residential,165000
Single Family Residential,135000
Single Family Residential,108000
Single Family Residential,137500
Single Family Residential,165400
Single Family Residential,147000
Single Family Residential,160500
Single Family Residential,176000
Single Family Residential,284700
Single Family Residential,160000
Townhouse End Unit,148000
Duplex,82000
Duplex,82000
Duplex,118000
Duplex,82500
Two Family Conversion,91900
Single Family Residential,120000
Single Family Residential,96000
Single Family Residential,99000
Single Family Residential,130500
Single Family Residential,135000
Single Family Residential,135500
Single Family Residential,100000
Single Family Residential,108000
Single Family Residential,98000
Single Family Residential,67000
Two Family Conversion,135900
Single Family Residential,140000
Single Family Residential,179500
Single Family Residential,136500
Single Family Residential,168000
Single Family Residential,130000
Single Family Residential,189000
Duplex,161900
Single Family Residential,145000
Single Family Residential,191000
Single Family Residential,177000
Single Family Residential,147500
Single Family Residential,91000
Single Family Residential,231000
Single Family Residential,115000
Single Family Residential,138000
Single Family Residential,149000
Single Family Residential,188700
Single Family Residential,198000
Single Family Residential,110000
Single Family Residential,104000
Single Family Residential,257076
Single Family Residential,381000
Single Family Residential,311500
Single Family Residential,263400
Single Family Residential,236500
Single Family Residential,224000
Twnhs,116500
Twnhs,151000
Single Family Residential,126000
Single Family Residential,120000
Single Family Residential,55000
Single Family Residential,120500
Single Family Residential,120500
Single Family Residential,119000
Single Family Residential,126000
Single Family Residential,99500
Single Family Residential,165500
Single Family Residential,13100
Single Family Residential,89000
Single Family Residential,40000
Single Family Residential,80900
Single Family Residential,81000
Single Family Residential,65000
Townhouse End Unit,392500
Townhouse End Unit,294464
Townhouse End Unit,250000
Townhouse End Unit,275000
Single Family Residential,300000
Single Family Residential,271000
Single Family Residential,213000
Single Family Residential,171000
Single Family Residential,171500
Duplex,100000
Single Family Residential,228500
Two Family Conversion,228950
Townhouse End Unit,241500
Single Family Residential,287000
Single Family Residential,294000
Single Family Residential,293077
Single Family Residential,264966
Single Family Residential,172500
Single Family Residential,167500
Single Family Residential,218689
Single Family Residential,150000
Single Family Residential,184000
Single Family Residential,180000
Single Family Residential,175000
Single Family Residential,232500
Single Family Residential,195000
Single Family Residential,305000
Single Family Residential,298751
Single Family Residential,370000
Duplex,209200
Duplex,206300
Single Family Residential,146000
Townhouse End Unit,160500
Single Family Residential,173000
Townhouse End Unit,124000
Townhouse End Unit,115000
Townhouse End Unit,129500
Twnhs,105000
Twnhs,94900
Single Family Residential,152500
Twnhs,98000
Twnhs,81000
Single Family Residential,113000
Single Family Residential,128500
Single Family Residential,119500
Single Family Residential,130500
Single Family Residential,138000
Single Family Residential,134500
Single Family Residential,160000
Single Family Residential,137500
Single Family Residential,172000
Single Family Residential,103000
Single Family Residential,167300
Single Family Residential,167000
Single Family Residential,244000
Single Family Residential,268000
Single Family Residential,225000
Single Family Residential,168000
Single Family Residential,177000
Single Family Residential,169000
Single Family Residential,161500
Townhouse End Unit,251000
Single Family Residential,160000
Single Family Residential,180000
Single Family Residential,178750
Single Family Residential,176000
Single Family Residential,204000
Single Family Residential,160000
Single Family Residential,160000
Single Family Residential,163900
Single Family Residential,168000
Single Family Residential,154204
Townhouse End Unit,170000
Townhouse End Unit,207500
Townhouse End Unit,182000
Townhouse End Unit,212000
Single Family Residential,377426
Single Family Residential,349265
Single Family Residential,591587
Two Family Conversion,155000
Townhouse End Unit,319900
Single Family Residential,392000
Single Family Residential,441929
Single Family Residential,455000
Single Family Residential,182900
Single Family Residential,174000
Single Family Residential,178000
Single Family Residential,176000
Single Family Residential,213000
Single Family Residential,192000
Single Family Residential,190000
Single Family Residential,195000
Single Family Residential,148000
Single Family Residential,151500
Single Family Residential,197000
Single Family Residential,192350
Single Family Residential,152000
Single Family Residential,170000
Single Family Residential,175000
Single Family Residential,175000
Single Family Residential,197900
Single Family Residential,174000
Single Family Residential,178900
Single Family Residential,139000
Single Family Residential,143250
Single Family Residential,184000
Single Family Residential,155000
Single Family Residential,133000
Single Family Residential,119500
Single Family Residential,123000
Single Family Residential,110000
Single Family Residential,128000
Single Family Residential,120500
Townhouse End Unit,133000
Townhouse End Unit,155000
Townhouse End Unit,177000
Twnhs,113500
Twnhs,113000
Twnhs,113700
Townhouse End Unit,106000
Townhouse End Unit,122500
Townhouse End Unit,128000
Townhouse End Unit,155000
Twnhs,142500
Single Family Residential,129250
Single Family Residential,356000
Single Family Residential,314813
Single Family Residential,318000
Single Family Residential,322400
Single Family Residential,318000
Single Family Residential,345474
Single Family Residential,415298
Single Family Residential,492000
Single Family Residential,338931
Single Family Residential,450000
Single Family Residential,280000
Single Family Residential,479069
Single Family Residential,395000
Single Family Residential,380000
Single Family Residential,250000
Single Family Residential,440000
Single Family Residential,418000
Single Family Residential,500067
Single Family Residential,260116
Single Family Residential,317000
Single Family Residential,319500
Single Family Residential,325624
Single Family Residential,372000
Single Family Residential,342000
Single Family Residential,354000
Single Family Residential,350000
Single Family Residential,285000
Single Family Residential,281500
Single Family Residential,245700
Single Family Residential,232698
Single Family Residential,250000
Townhouse End Unit,194700
Twnhs,204000
Twnhs,200000
Townhouse End Unit,207000
Twnhs,209500
Twnhs,209500
Townhouse End Unit,202500
Townhouse End Unit,280000
Townhouse End Unit,277500
Townhouse End Unit,318061
Townhouse End Unit,221370
Townhouse End Unit,200000
Single Family Residential,181755
Single Family Residential,176000
Single Family Residential,178900
Single Family Residential,168165
Single Family Residential,171925
Single Family Residential,198444
Single Family Residential,203000
Single Family Residential,179540
Single Family Residential,176485
Single Family Residential,181134
Single Family Residential,156932
Single Family Residential,166000
Single Family Residential,177594
Single Family Residential,173500
Townhouse End Unit,172500
Townhouse End Unit,194201
Townhouse End Unit,226500
Single Family Residential,185485
Single Family Residential,259000
Single Family Residential,188500
Single Family Residential,175000
Single Family Residential,215000
Single Family Residential,206580
Single Family Residential,183500
Single Family Residential,165500
Single Family Residential,211000
Single Family Residential,181000
Single Family Residential,219500
Single Family Residential,175000
Single Family Residential,170000
Single Family Residential,162000
Single Family Residential,187000
Single Family Residential,185000
Single Family Residential,745000
Single Family Residential,384500
Single Family Residential,248000
Single Family Residential,466500
Single Family Residential,410000
Single Family Residential,322500
Single Family Residential,252000
Single Family Residential,755000
Single Family Residential,269790
Single Family Residential,315750
Single Family Residential,290000
Single Family Residential,290000
Single Family Residential,430000
Single Family Residential,263000
Single Family Residential,330000
Single Family Residential,213133
Single Family Residential,260261
Single Family Residential,320000
Single Family Residential,282922
Single Family Residential,215000
Single Family Residential,419005
Single Family Residential,255000
Single Family Residential,147000
Single Family Residential,235876
Single Family Residential,311872
Single Family Residential,248328
Single Family Residential,227000
Single Family Residential,260000
Single Family Residential,225000
Single Family Residential,249000
Single Family Residential,307000
Single Family Residential,250000
Single Family Residential,221300
Single Family Residential,208900
Single Family Residential,210400
Single Family Residential,255000
Single Family Residential,212109
Single Family Residential,270000
Single Family Residential,303477
Single Family Residential,310013
Single Family Residential,249700
Single Family Residential,227875
Single Family Residential,261329
Single Family Residential,253000
Single Family Residential,265000
Single Family Residential,340000
Single Family Residential,146000
Single Family Residential,147000
Single Family Residential,149000
Single Family Residential,181000
Single Family Residential,201000
Single Family Residential,191750
Single Family Residential,179000
Single Family Residential,215000
Townhouse End Unit,179200
Townhouse End Unit,128000
Single Family Residential,144000
Duplex,144000
Single Family Residential,120750
Single Family Residential,132500
Single Family Residential,132000
Single Family Residential,132500
Single Family Residential,129000
Single Family Residential,143900
Single Family Residential,145000
Single Family Residential,128500
Single Family Residential,125500
Single Family Residential,300000
Single Family Residential,294000
Single Family Residential,129000
Single Family Residential,171000
Single Family Residential,147000
Single Family Residential,302000
Single Family Residential,285000
Townhouse End Unit,214000
Townhouse End Unit,166000
Townhouse End Unit,193800
Townhouse End Unit,208900
Townhouse End Unit,194000
Townhouse End Unit,207500
Townhouse End Unit,199900
Townhouse End Unit,164700
Twnhs,176500
Townhouse End Unit,176000
Townhouse End Unit,168500
Twnhs,177000
Twnhs,177000
Townhouse End Unit,148800
Twnhs,174000
Single Family Residential,239000
Single Family Residential,204000
Single Family Residential,301000
Single Family Residential,312500
Townhouse End Unit,279700
Single Family Residential,255000
Single Family Residential,194000
Single Family Residential,218000
Townhouse End Unit,213750
Single Family Residential,187000
Single Family Residential,181500
Single Family Residential,373000
Duplex,190000
Single Family Residential,226000
Single Family Residential,143450
Single Family Residential,240050
Single Family Residential,162500
Single Family Residential,164000
Single Family Residential,185000
Single Family Residential,188500
Single Family Residential,255000
Duplex,136905
Single Family Residential,158500
Single Family Residential,175500
Single Family Residential,127000
Single Family Residential,127000
Single Family Residential,143000
Single Family Residential,156000
Single Family Residential,144000
Duplex,119000
Duplex,103000
Single Family Residential,139900
Single Family Residential,151500
Single Family Residential,126500
Single Family Residential,145000
Single Family Residential,120000
Single Family Residential,124000
Single Family Residential,106500
Single Family Residential,140500
Single Family Residential,137500
Single Family Residential,117600
Single Family Residential,163500
Single Family Residential,161000
Single Family Residential,158000
Single Family Residential,224500
Single Family Residential,147000
Single Family Residential,200000
Single Family Residential,181900
Single Family Residential,150750
Duplex,101800
Single Family Residential,124000
Single Family Residential,138500
Single Family Residential,39300
Single Family Residential,64500
Single Family Residential,64000
Single Family Residential,112000
Single Family Residential,165000
Single Family Residential,144000
Duplex,137000
Single Family Residential,105000
Single Family Residential,146500
Duplex,126000
Single Family Residential,175000
Single Family Residential,158500
Single Family Residential,114500
Single Family Residential,144000
Single Family Residential,129000
Single Family Residential,141000
Single Family Residential,131000
Single Family Residential,142100
Single Family Residential,139000
Single Family Residential,157900
Single Family Residential,139400
Single Family Residential,150000
Single Family Residential,120000
Single Family Residential,174850
Single Family Residential,116000
Single Family Residential,135000
Single Family Residential,163500
Single Family Residential,130000
Single Family Residential,129500
Single Family Residential,142000
Duplex,128600
Single Family Residential,125000
Single Family Residential,136000
Single Family Residential,134500
Single Family Residential,127000
Single Family Residential,130000
Single Family Residential,115000
Single Family Residential,116900
Single Family Residential,132000
Single Family Residential,153000
Single Family Residential,112500
Single Family Residential,138000
Single Family Residential,135000
Single Family Residential,156000
Single Family Residential,301600
Single Family Residential,109000
Single Family Residential,103200
Single Family Residential,128500
Single Family Residential,64500
Single Family Residential,148000
Single Family Residential,86000
Single Family Residential,172000
Single Family Residential,120000
Single Family Residential,128500
Single Family Residential,135000
Single Family Residential,122900
Single Family Residential,119200
Single Family Residential,143000
Single Family Residential,119000
Single Family Residential,102000
Single Family Residential,129000
Single Family Residential,135000
Single Family Residential,152000
Single Family Residential,140000
Single Family Residential,152000
Single Family Residential,156500
Duplex,141000
Single Family Residential,99000
Single Family Residential,187000
Single Family Residential,169500
Single Family Residential,125500
Single Family Residential,130000
Single Family Residential,103000
Single Family Residential,132000
Single Family Residential,127500
Single Family Residential,89500
Duplex,140000
Single Family Residential,99900
Single Family Residential,100000
Single Family Residential,130000
Single Family Residential,135000
Single Family Residential,120000
Single Family Residential,89471
Single Family Residential,85000
Single Family Residential,108500
Single Family Residential,137000
Single Family Residential,110500
Single Family Residential,100000
Single Family Residential,184900
Single Family Residential,145000
Single Family Residential,125000
Single Family Residential,114000
Two Family Conversion,90000
Single Family Residential,144100
Single Family Residential,117500
Single Family Residential,124500
Single Family Residential,185000
Two Family Conversion,133900
Single Family Residential,152000
Single Family Residential,153500
Single Family Residential,159500
Single Family Residential,87000
Single Family Residential,104500
Single Family Residential,110000
Single Family Residential,136500
Single Family Residential,128250
Single Family Residential,144000
Single Family Residential,210000
Single Family Residential,135000
Single Family Residential,128000
Single Family Residential,131000
Single Family Residential,113000
Single Family Residential,126000
Single Family Residential,132000
Single Family Residential,131750
Single Family Residential,132500
Single Family Residential,137500
Single Family Residential,132000
Single Family Residential,127500
Single Family Residential,102000
Single Family Residential,200000
Single Family Residential,180500
Single Family Residential,165000
Single Family Residential,90000
Single Family Residential,153575
Single Family Residential,140000
Single Family Residential,136000
Single Family Residential,113000
Single Family Residential,117000
Single Family Residential,169500
Single Family Residential,139400
Single Family Residential,202500
Single Family Residential,127000
Single Family Residential,141000
Single Family Residential,212300
Single Family Residential,161000
Two Family Conversion,99500
Single Family Residential,101000
Single Family Residential,109900
Single Family Residential,128500
Two Family Conversion,122000
Single Family Residential,87000
Single Family Residential,50000
Single Family Residential,219000
Single Family Residential,200500
Single Family Residential,126000
Two Family Conversion,108500
Two Family Conversion,130000
Single Family Residential,158450
Single Family Residential,115400
Single Family Residential,118500
Single Family Residential,165000
Single Family Residential,123000
Single Family Residential,129000
Single Family Residential,125000
Single Family Residential,108000
Two Family Conversion,119900
Single Family Residential,115000
Single Family Residential,134500
Single Family Residential,127000
Single Family Residential,129000
Single Family Residential,143500
Single Family Residential,129000
Single Family Residential,187000
Single Family Residential,158000
Single Family Residential,112000
Single Family Residential,165250
Single Family Residential,150000
Single Family Residential,137000
Single Family Residential,89500
Single Family Residential,302000
Single Family Residential,182000
Single Family Residential,211000
Single Family Residential,216000
Single Family Residential,130000
Single Family Residential,109900
Single Family Residential,255000
Single Family Residential,243000
Single Family Residential,154000
Single Family Residential,118000
Single Family Residential,80000
Duplex,150000
Single Family Residential,86000
Townhouse End Unit,130000
Single Family Residential,125000
Single Family Residential,136500
Single Family Residential,96000
Single Family Residential,120000
Single Family Residential,228500
Single Family Residential,179900
Single Family Residential,225000
Single Family Residential,301000
Single Family Residential,238000
Single Family Residential,228500
Single Family Residential,220000
Single Family Residential,383970
Single Family Residential,424870
Single Family Residential,250000
Single Family Residential,360000
Single Family Residential,279500
Single Family Residential,200141
Single Family Residential,246500
Single Family Residential,276000
Single Family Residential,203000
Single Family Residential,155835
Single Family Residential,194000
Single Family Residential,195400
Single Family Residential,217000
Single Family Residential,212999
Single Family Residential,175900
Single Family Residential,191000
Single Family Residential,176432
Single Family Residential,277000
Single Family Residential,207000
Single Family Residential,277000
Single Family Residential,240000
Single Family Residential,187500
Single Family Residential,279000
Single Family Residential,139500
Single Family Residential,126000
Single Family Residential,177500
Single Family Residential,175000
Single Family Residential,211000
Single Family Residential,146000
Single Family Residential,147900
Single Family Residential,123600
Single Family Residential,204750
Single Family Residential,235500
Single Family Residential,217000
Single Family Residential,190550
Single Family Residential,217500
Single Family Residential,226000
Single Family Residential,180000
Single Family Residential,131000
Single Family Residential,153500
Single Family Residential,160000
Single Family Residential,134900
Single Family Residential,130000
Single Family Residential,120000
Single Family Residential,112500
Single Family Residential,122000
Single Family Residential,127000
Single Family Residential,117000
Single Family Residential,305900
Single Family Residential,228500
Single Family Residential,270000
Single Family Residential,192000
Single Family Residential,213000
Single Family Residential,200000
Single Family Residential,267000
Single Family Residential,228000
Single Family Residential,275000
Single Family Residential,211000
Single Family Residential,285000
Single Family Residential,240000
Townhouse End Unit,131500
Single Family Residential,246900
Single Family Residential,219500
Single Family Residential,185000
Single Family Residential,179400
Single Family Residential,213500
Single Family Residential,179600
Single Family Residential,173500
Single Family Residential,167840
Single Family Residential,168675
Single Family Residential,167000
Single Family Residential,140000
Single Family Residential,118500
Single Family Residential,110000
Single Family Residential,94750
Single Family Residential,122000
Single Family Residential,110000
Duplex,118500
Single Family Residential,133500
Single Family Residential,148000
Duplex,141000
Single Family Residential,155000
Single Family Residential,157000
Single Family Residential,171500
Single Family Residential,183850
Single Family Residential,184750
Townhouse End Unit,140000
Single Family Residential,131750
Duplex,61500
Single Family Residential,111000
Duplex,98500
Single Family Residential,79000
Single Family Residential,108500
Single Family Residential,110000
Single Family Residential,112000
Single Family Residential,125000
Single Family Residential,79275
Single Family Residential,119000
Two Family Conversion,200000
Duplex,150000
Single Family Residential,165000
Single Family Residential,96500
Single Family Residential,136500
Single Family Residential,146500
Single Family Residential,175000
Single Family Residential,148500
Single Family Residential,141500
Single Family Residential,189950
Single Family Residential,135000
Single Family Residential,164000
Single Family Residential,90350
Single Family Residential,139000
Single Family Residential,119750
Duplex,145000
Duplex,145000
Single Family Residential,238000
Single Family Residential,153500
Single Family Residential,239000
Single Family Residential,359100
Single Family Residential,188000
Single Family Residential,220000
Two Family Conversion,140000
Single Family Residential,315000
Single Family Residential,259500
Single Family Residential,257500
Single Family Residential,219500
Single Family Residential,217000
Single Family Residential,201000
Single Family Residential,215000
Twnhs,123900
Single Family Residential,170000
Townhouse End Unit,200000
Single Family Residential,198000
Single Family Residential,200624
Single Family Residential,315000
Single Family Residential,115000
Single Family Residential,141000
Single Family Residential,87000
Single Family Residential,129850
Single Family Residential,100000
Single Family Residential,150909
Single Family Residential,75200
Single Family Residential,118400
Single Family Residential,67000
Single Family Residential,152000
Single Family Residential,68104
Two Family Conversion,119600
Single Family Residential,140000
Single Family Residential,124900
Townhouse End Unit,375000
Townhouse End Unit,235000
Single Family Residential,183500
Single Family Residential,156000
Single Family Residential,134000
Single Family Residential,215000
Single Family Residential,245000
Single Family Residential,210000
Single Family Residential,148000
Single Family Residential,143000
Townhouse End Unit,244000
Townhouse End Unit,330000
Single Family Residential,170000
Single Family Residential,257000
Single Family Residential,231713
Single Family Residential,267300
Single Family Residential,265900
Single Family Residential,239000
Single Family Residential,248900
Single Family Residential,174000
Single Family Residential,187500
Single Family Residential,204000
Single Family Residential,180500
Single Family Residential,187500
Single Family Residential,282000
Single Family Residential,178000
Single Family Residential,270000
Single Family Residential,279900
Single Family Residential,186700
Single Family Residential,283463
Single Family Residential,392000
Single Family Residential,281213
Single Family Residential,147000
Single Family Residential,130000
Townhouse End Unit,140000
Single Family Residential,132250
Duplex,143000
Two Family Conversion,168000
Townhouse End Unit,129900
Townhouse End Unit,134000
Twnhs,85500
Twnhs,106500
Townhouse End Unit,93900
Twnhs,75000
Twnhs,84500
Twnhs,75190
Single Family Residential,146800
Single Family Residential,153500
Single Family Residential,188000
Single Family Residential,196000
Single Family Residential,157000
Single Family Residential,138000
Single Family Residential,129500
Single Family Residential,80000
Single Family Residential,129500
Single Family Residential,135000
Single Family Residential,124500
Single Family Residential,139000
Single Family Residential,93500
Single Family Residential,124500
Single Family Residential,149900
Single Family Residential,157500
Single Family Residential,169000
Single Family Residential,252000
Single Family Residential,192100
Single Family Residential,183500
Single Family Residential,222000
Single Family Residential,170000
Single Family Residential,187500
Single Family Residential,202000
Single Family Residential,185000
Single Family Residential,320000
Single Family Residential,240000
Single Family Residential,250000
Single Family Residential,239900
Single Family Residential,309000
Single Family Residential,274725
Single Family Residential,270000
Single Family Residential,183500
Single Family Residential,165600
Single Family Residential,176500
Townhouse End Unit,130000
Townhouse End Unit,239000
Single Family Residential,275000
Single Family Residential,457347
Single Family Residential,545224
Single Family Residential,356383
Single Family Residential,556581
Single Family Residential,361919
Single Family Residential,535000
Single Family Residential,401179
Single Family Residential,438780
Single Family Residential,169000
Two Family Conversion,145000
Townhouse End Unit,318000
Single Family Residential,319000
Single Family Residential,470000
Single Family Residential,202500
Single Family Residential,229000
Single Family Residential,235000
Single Family Residential,190000
Single Family Residential,169000
Single Family Residential,241500
Single Family Residential,188900
Single Family Residential,207500
Single Family Residential,250000
Single Family Residential,179900
Single Family Residential,172000
Single Family Residential,294323
Single Family Residential,184500
Single Family Residential,153500
Single Family Residential,162900
Single Family Residential,181000
Single Family Residential,155000
Single Family Residential,138800
Single Family Residential,116050
Single Family Residential,88000
Single Family Residential,97500
Townhouse End Unit,190000
Townhouse End Unit,105500
Townhouse End Unit,125500
Twnhs,83000
Twnhs,116000
Twnhs,91500
Twnhs,118000
Twnhs,89000
Twnhs,108000
Twnhs,94500
Townhouse End Unit,146300
Single Family Residential,145000
Single Family Residential,123000
Twnhs,137500
Twnhs,144000
Single Family Residential,315000
Single Family Residential,412083
Single Family Residential,342643
Single Family Residential,252000
Single Family Residential,465000
Single Family Residential,293000
Single Family Residential,415000
Single Family Residential,326000
Single Family Residential,325300
Single Family Residential,309000
Single Family Residential,300000
Single Family Residential,275500
Single Family Residential,338500
Single Family Residential,345000
Single Family Residential,344133
Single Family Residential,298236
Single Family Residential,329900
Single Family Residential,360000
Single Family Residential,281000
Single Family Residential,372397
Single Family Residential,378000
Single Family Residential,374000
Single Family Residential,437154
Single Family Residential,275000
Single Family Residential,279000
Townhouse End Unit,185850
Townhouse End Unit,282500
Townhouse End Unit,202500
Townhouse End Unit,202665
Townhouse End Unit,332200
Townhouse End Unit,310090
Townhouse End Unit,171750
Single Family Residential,169990
Single Family Residential,170440
Single Family Residential,169985
Single Family Residential,179665
Single Family Residential,219210
Single Family Residential,174190
Single Family Residential,172785
Single Family Residential,258000
Single Family Residential,185101
Townhouse End Unit,210250
Townhouse End Unit,234000
Townhouse End Unit,215000
Townhouse End Unit,246990
Townhouse End Unit,178740
Townhouse End Unit,225000
Townhouse End Unit,167240
Townhouse End Unit,156820
Townhouse End Unit,213490
Townhouse End Unit,264561
Townhouse End Unit,246578
Single Family Residential,192140
Single Family Residential,183200
Single Family Residential,178000
Single Family Residential,201490
Single Family Residential,230500
Single Family Residential,180000
Single Family Residential,172400
Single Family Residential,215000
Single Family Residential,199900
Single Family Residential,173000
Single Family Residential,287602
Single Family Residential,230000
Single Family Residential,348000
Single Family Residential,286000
Single Family Residential,300000
Single Family Residential,625000
Single Family Residential,405000
Single Family Residential,280000
Single Family Residential,258000
Single Family Residential,350000
Single Family Residential,584500
Single Family Residential,321000
Single Family Residential,290000
Single Family Residential,315000
Single Family Residential,252000
Single Family Residential,336820
Single Family Residential,423000
Single Family Residential,290000
Single Family Residential,232000
Single Family Residential,199000
Single Family Residential,198600
Single Family Residential,405749
Single Family Residential,232600
Single Family Residential,266000
Single Family Residential,186500
Single Family Residential,200825
Single Family Residential,197000
Single Family Residential,185000
Single Family Residential,176000
Single Family Residential,187750
Single Family Residential,139500
Single Family Residential,186800
Single Family Residential,132000
Single Family Residential,142500
Single Family Residential,158000
Single Family Residential,184000
Single Family Residential,184900
Single Family Residential,187000
Single Family Residential,175900
Single Family Residential,248500
Townhouse End Unit,172000
Townhouse End Unit,151000
Single Family Residential,150000
Single Family Residential,107000
Single Family Residential,119900
Single Family Residential,129500
Duplex,125000
Duplex,119500
Single Family Residential,144000
Single Family Residential,151000
Single Family Residential,126000
Single Family Residential,116000
Single Family Residential,133500
Single Family Residential,120875
Single Family Residential,137000
Single Family Residential,124000
Single Family Residential,135000
Single Family Residential,129200
Single Family Residential,260000
Single Family Residential,260000
Single Family Residential,334000
Single Family Residential,310000
Single Family Residential,268000
Single Family Residential,262000
Townhouse End Unit,176400
Townhouse End Unit,197000
Townhouse End Unit,151000
Twnhs,147400
Twnhs,149900
Townhouse End Unit,144152
Townhouse End Unit,166000
Townhouse End Unit,183900
Twnhs,165000
Townhouse End Unit,139000
Single Family Residential,200000
Single Family Residential,221000
Townhouse End Unit,270000
Single Family Residential,165000
Twnhs,214000
Twnhs,188000
Townhouse End Unit,190000
Twnhs,170000
Single Family Residential,385000
Two Family Conversion,146500
Single Family Residential,170000
Single Family Residential,262500
Single Family Residential,179900
Single Family Residential,250000
Single Family Residential,165150
Single Family Residential,164500
Single Family Residential,140000
Single Family Residential,135500
Single Family Residential,142000
Single Family Residential,155000
Single Family Residential,157500
Single Family Residential,138500
Single Family Residential,140000
Single Family Residential,124400
Single Family Residential,158000
Single Family Residential,146000
Single Family Residential,190000
Single Family Residential,136500
Single Family Residential,129900
Duplex,145000
Two Family Conversion,185900
Single Family Residential,160000
Single Family Residential,167000
Single Family Residential,157500
Two Family Conversion,140000
Single Family Residential,150000
Single Family Residential,151500
Single Family Residential,129800
Single Family Residential,137000
Single Family Residential,137000
Single Family Residential,121600
Single Family Residential,85500
Single Family Residential,79900
Single Family Residential,127000
Single Family Residential,161000
Single Family Residential,146500
Single Family Residential,135000
Single Family Residential,137900
Single Family Residential,133000
Single Family Residential,137000
Single Family Residential,121000
Duplex,119000
Single Family Residential,172000
Single Family Residential,98600
Single Family Residential,226000
Single Family Residential,118000
Single Family Residential,235000
Single Family Residential,135000
Duplex,132500
Single Family Residential,143000
Single Family Residential,132000
Single Family Residential,145250
Single Family Residential,162000
Single Family Residential,148000
Single Family Residential,141000
Single Family Residential,153000
Single Family Residential,134450
Duplex,135960
Single Family Residential,156000
Single Family Residential,140000
Single Family Residential,139500
Single Family Residential,155000
Single Family Residential,127000
Single Family Residential,133500
Single Family Residential,125000
Single Family Residential,142000
Single Family Residential,167000
Single Family Residential,159000
Two Family Conversion,180000
Single Family Residential,127000
Single Family Residential,112000
Single Family Residential,99800
Single Family Residential,117000
Single Family Residential,108480
Single Family Residential,68000
Single Family Residential,86900
Single Family Residential,120000
Single Family Residential,155500
Single Family Residential,80000
Single Family Residential,105000
Two Family Conversion,160000
Single Family Residential,170000
Single Family Residential,160000
Single Family Residential,159950
Single Family Residential,165000
Single Family Residential,159000
Single Family Residential,147000
Single Family Residential,115000
Single Family Residential,159500
Single Family Residential,120000
Single Family Residential,129900
Single Family Residential,183000
Single Family Residential,157500
Single Family Residential,277500
Single Family Residential,207500
Single Family Residential,147500
Single Family Residential,135000
Single Family Residential,109500
Single Family Residential,109900
Single Family Residential,133700
Duplex,81400
Duplex,87500
Duplex,93500
Duplex,119000
Single Family Residential,141000
Single Family Residential,146000
Single Family Residential,155000
Single Family Residential,134500
Single Family Residential,120000
Single Family Residential,105000
Two Family Conversion,124000
Single Family Residential,169000
Single Family Residential,107000
Single Family Residential,135000
Single Family Residential,111500
Single Family Residential,156500
Single Family Residential,178000
Single Family Residential,139900
Single Family Residential,105000
Single Family Residential,110000
Two Family Conversion,111500
Single Family Residential,108000
Single Family Residential,111500
Single Family Residential,124000
Single Family Residential,105000
Single Family Residential,116000
Single Family Residential,96900
Two Family Conversion,135500
Single Family Residential,139000
Single Family Residential,61500
Single Family Residential,120000
Single Family Residential,126175
Single Family Residential,64000
Two Family Conversion,137000
Single Family Residential,87000
Single Family Residential,163000
Single Family Residential,155000
Single Family Residential,79000
Single Family Residential,144000
Single Family Residential,114504
Single Family Residential,157000
Single Family Residential,125000
Single Family Residential,475000
Duplex,93500
Single Family Residential,125000
Single Family Residential,64500
Single Family Residential,100000
Single Family Residential,140200
Single Family Residential,202500
Single Family Residential,159000
Two Family Conversion,119900
Single Family Residential,114500
Single Family Residential,115000
Single Family Residential,75000
Single Family Residential,88000
Single Family Residential,80500
Single Family Residential,149000
Single Family Residential,110000
Single Family Residential,110500
Single Family Residential,89000
Single Family Residential,113000
Single Family Residential,109000
Single Family Residential,220000
Two Family Conversion,129000
Single Family Residential,117000
Single Family Residential,52500
Single Family Residential,107000
Single Family Residential,116500
Single Family Residential,72000
Single Family Residential,119500
Single Family Residential,125500
Single Family Residential,91000
Two Family Conversion,84500
Single Family Residential,90000
Single Family Residential,137500
Duplex,150000
Single Family Residential,131000
Single Family Residential,130000
Single Family Residential,125000
Single Family Residential,80000
Single Family Residential,157000
Single Family Residential,148000
Duplex,90000
Single Family Residential,154500
Single Family Residential,153600
Single Family Residential,164500
Single Family Residential,132000
Single Family Residential,142500
Single Family Residential,158000
Single Family Residential,149500
Single Family Residential,165000
Single Family Residential,180000
Single Family Residential,160500
Duplex,156500
Duplex,157000
Single Family Residential,172500
Single Family Residential,155000
Single Family Residential,170000
Single Family Residential,105000
Single Family Residential,145000
Single Family Residential,168000
Single Family Residential,278000
Single Family Residential,164000
Single Family Residential,225000
Single Family Residential,130000
Single Family Residential,142500
Twnhs,148400
Single Family Residential,190000
Single Family Residential,146000
Single Family Residential,128000
Single Family Residential,225000
Single Family Residential,274970
Single Family Residential,235000
Single Family Residential,415000
Single Family Residential,182000
Single Family Residential,135000
Single Family Residential,137000
Single Family Residential,136900
Single Family Residential,149900
Single Family Residential,123500
Single Family Residential,93000
Single Family Residential,91500
Single Family Residential,180000
Single Family Residential,209000
Single Family Residential,215000
Duplex,224500
Single Family Residential,229800
Single Family Residential,183600
Single Family Residential,194000
Single Family Residential,193879
Single Family Residential,221500
Single Family Residential,204900
Single Family Residential,239799
Single Family Residential,233555
Single Family Residential,260000
Single Family Residential,294900
Single Family Residential,209700
Single Family Residential,225000
Single Family Residential,181000
Single Family Residential,220000
Single Family Residential,190000
Single Family Residential,180000
Single Family Residential,280000
Single Family Residential,158900
Single Family Residential,148000
Single Family Residential,145000
Single Family Residential,187000
Single Family Residential,193000
Single Family Residential,156000
Single Family Residential,235000
Single Family Residential,217000
Single Family Residential,214000
Single Family Residential,196000
Single Family Residential,217000
Single Family Residential,200000
Single Family Residential,192500
Single Family Residential,205000
Single Family Residential,132500
Single Family Residential,157500
Single Family Residential,174000
Single Family Residential,128500
Single Family Residential,128500
Single Family Residential,149900
Single Family Residential,119900
Twnhs,137000
Single Family Residential,255000
Single Family Residential,222000
Single Family Residential,214000
Single Family Residential,220000
Single Family Residential,275000
Single Family Residential,197000
Single Family Residential,230000
Single Family Residential,268500
Single Family Residential,210900
Single Family Residential,227000
Single Family Residential,237000
Single Family Residential,274300
Single Family Residential,216837
Townhouse End Unit,133000
Townhouse End Unit,155900
Single Family Residential,233230
Single Family Residential,207000
Single Family Residential,195000
Single Family Residential,200000
Single Family Residential,203160
Single Family Residential,195800
Single Family Residential,212900
Single Family Residential,196500
Single Family Residential,198000
Single Family Residential,173900
Single Family Residential,163990
Single Family Residential,164990
Single Family Residential,98000
Single Family Residential,149900
Single Family Residential,102000
Duplex,127500
Duplex,127500
Single Family Residential,119900
Single Family Residential,196500
Single Family Residential,117250
Single Family Residential,229000
Townhouse End Unit,145000
Townhouse End Unit,140000
Townhouse End Unit,142500
Twnhs,134000
Twnhs,130000
Twnhs,130000
Twnhs,137500
Townhouse End Unit,130000
Single Family Residential,97900
Single Family Residential,92000
Single Family Residential,107000
Single Family Residential,81000
Single Family Residential,104900
Single Family Residential,115000
Single Family Residential,125000
Single Family Residential,116000
Single Family Residential,83000
Single Family Residential,118500
Single Family Residential,35000
Single Family Residential,121000
Two Family Conversion,160000
Single Family Residential,140000
Single Family Residential,137000
Two Family Conversion,128000
Single Family Residential,160000
Single Family Residential,138887
Single Family Residential,149000
Single Family Residential,102000
Single Family Residential,167000
Single Family Residential,200100
Single Family Residential,131000
Single Family Residential,112000
Single Family Residential,140000
Single Family Residential,195000
Single Family Residential,230000
Single Family Residential,194000
Single Family Residential,137500
Single Family Residential,250000
Single Family Residential,218000
Single Family Residential,239000
Single Family Residential,199500
Single Family Residential,210000
Single Family Residential,230000
Single Family Residential,217500
Single Family Residential,257000
Two Family Conversion,157000
Single Family Residential,223000
Single Family Residential,102000
Single Family Residential,145400
Single Family Residential,72000
Single Family Residential,85000
Single Family Residential,106500
Single Family Residential,139000
Single Family Residential,108000
Single Family Residential,51689
Single Family Residential,35311
Two Family Conversion,115000
Single Family Residential,78000
Townhouse End Unit,375000
Townhouse End Unit,300000
Single Family Residential,242500
Duplex,145000
Single Family Residential,209000
Duplex,135000
Single Family Residential,148000
Duplex,171000
Single Family Residential,335000
Townhouse End Unit,230000
Single Family Residential,250764
Single Family Residential,228000
Single Family Residential,176000
Single Family Residential,180000
Single Family Residential,250000
Single Family Residential,202000
Single Family Residential,312500
Single Family Residential,320000
Single Family Residential,369900
Single Family Residential,359900
Single Family Residential,81500
Duplex,215000
Twnhs,164000
Townhouse End Unit,153500
Single Family Residential,84500
Townhouse End Unit,104500
Townhouse End Unit,127000
Townhouse End Unit,151400
Single Family Residential,126500
Duplex,146500
Twnhs,73000
Townhouse End Unit,79400
Single Family Residential,140000
Twnhs,92000
Twnhs,87550
Twnhs,79500
Twnhs,90500
Townhouse End Unit,71000
Duplex,150900
Duplex,188000
Single Family Residential,160000
Single Family Residential,131000
Single Family Residential,142500
Single Family Residential,131000
Single Family Residential,132000
Single Family Residential,170000
Single Family Residential,188000
